Age,ADP,TeamPosRank,PosAmbiguity,RookieSeason,SecondSeason,TopQB_ADP,Bust
28,1.5,0,0,0,0,173.61,0
28,1.5,0,0,0,0,173.61,0
30,5.53,0,0,0,0,130.67,0
30,5.53,0,0,0,0,130.67,0
31,81.79,0,0,0,0,179.67,0
27,7.64,0,0,0,0,60.17,0
28,11.52,0,0,0,0,65.96,0
31,32.07,0,0,0,0,50.1,0
27,7.92,0,0,0,0,150.14,0
28,3.4,0,0,0,0,129.52,0
26,8.7,0,0,0,0,127.5,1
28,31.18,0,0,0,0,46.52,0
29,38.66,0,1,0,0,35.02,1
26,9.31,0,0,0,0,155.06,1
27,45.03,0,0,0,0,78.33,1
28,76.52,1,1,0,0,51.74,1
25,11.0,0,0,0,0,101.74,0
26,2.44,0,0,0,0,43.16,1
27,22.8,0,0,0,0,140.25,0
28,26.32,0,0,0,0,108.43,0
29,8.55,0,0,0,0,82.26,0
30,32.09,0,0,0,0,213.0,1
25,13.93,0,0,0,1,60.02,1
26,29.74,0,0,0,0,90.31,0
27,43.28,0,0,0,0,167.33,1
28,17.02,0,0,0,0,129.48,0
29,6.9,0,0,0,0,73.43,0
30,19.12,0,0,0,0,171.0,0
31,42.55,0,0,0,0,149.0,0
22,70.16,0,1,1,0,103.7,0
23,22.51,0,0,0,1,97.05,0
24,81.06,1,0,0,0,71.45,0
25,78.69,1,1,0,0,111.74,0
25,36.73,0,0,0,0,59.04,0
26,18.28,0,0,0,0,83.07,0
27,17.51,0,0,0,0,144.55,1
28,43.72,0,1,0,0,96.62,0
29,18.56,0,0,0,0,61.22,1
28,21.51,0,0,0,0,200.56,0
29,63.37,0,0,0,0,175.4,1
30,21.72,0,0,0,0,35.19,0
30,46.78,0,1,0,0,13.1,0
26,35.65,0,1,0,0,51.74,0
27,25.44,0,0,0,0,44.62,0
28,57.89,0,0,0,0,10.47,0
29,65.37,1,0,0,0,56.93,0
30,43.48,0,0,0,0,69.67,0
23,62.24,0,0,1,0,11.27,1
24,27.29,0,1,0,0,24.84,1
25,55.9,0,1,0,0,46.81,0
30,32.83,0,0,0,0,43.53,0
31,54.66,0,0,0,0,72.39,0
32,38.89,0,0,0,0,38.05,0
33,80.93,0,0,0,0,33.59,0
23,49.06,0,0,1,0,10.26,0
24,8.46,0,0,0,1,11.83,0
25,6.92,0,0,0,0,11.71,1
26,45.96,0,0,0,0,200.62,0
22,52.37,0,0,0,1,181.38,1
24,32.82,0,0,0,0,111.5,0
25,13.18,0,0,0,0,96.21,0
26,31.33,0,0,0,0,72.65,0
27,52.91,0,0,0,0,50.36,0
26,63.27,0,0,0,0,135.78,0
29,64.72,0,0,0,0,138.0,0
21,83.64,0,0,1,0,125.06,0
22,28.49,0,1,0,1,107.41,0
24,12.77,0,0,0,0,23.82,0
25,2.53,0,0,0,0,20.79,0
27,9.89,0,0,0,0,183.2,0
33,82.15,1,0,0,0,23.82,0
28,59.31,0,0,0,0,39.68,0
29,56.59,0,0,0,0,17.56,0
23,20.46,0,0,0,1,71.45,1
24,48.06,0,1,0,0,111.74,0
24,16.41,0,0,0,0,35.26,0
25,9.26,0,0,0,0,29.55,0
27,36.88,0,0,0,0,40.45,0
25,24.61,0,0,0,0,149.89,1
26,65.77,0,0,0,0,114.88,0
28,71.13,0,0,0,0,71.02,0
23,32.75,0,0,0,1,192.0,1
25,35.51,0,0,0,1,122.03,0
26,61.76,0,0,0,0,74.24,1
29,58.59,0,0,0,0,128.08,0
26,43.08,0,0,0,0,198.5,0
24,70.22,0,0,0,0,22.17,0
22,67.0,0,0,1,0,185.83,1
24,77.07,1,0,0,0,29.55,0
25,82.04,1,0,0,0,99.08,0
26,68.54,0,0,0,0,132.5,0
22,56.13,0,1,1,0,93.77,1
24,63.01,0,0,0,0,72.15,0
30,31.56,0,0,0,0,162.4,0
22,36.72,0,0,1,0,59.75,1
23,64.93,0,1,0,1,94.52,0
24,11.62,0,0,0,0,85.84,0
25,12.33,0,0,0,0,71.77,0
26,36.07,0,1,0,0,91.55,0
27,50.72,0,1,0,0,132.0,0
28,70.99,0,1,0,0,129.67,0
25,44.47,0,0,0,0,92.44,0
26,40.32,0,0,0,0,72.0,0
21,48.41,0,1,1,0,194.83,0
22,4.16,0,0,0,1,186.67,1
23,21.08,0,0,0,0,21.81,0
24,1.69,0,0,0,0,97.5,0
25,11.84,0,0,0,0,60.61,0
26,28.38,0,0,0,0,61.11,0
25,6.46,0,0,0,1,72.64,0
27,4.58,0,0,0,0,122.0,0
28,10.31,0,0,0,0,89.73,1
29,38.02,0,0,0,0,25.61,0
22,63.38,0,0,1,0,109.58,0
23,79.09,0,0,0,1,156.71,0
26,82.27,1,1,0,0,19.45,0
21,7.27,0,0,1,0,40.9,0
22,19.0,0,0,0,1,58.98,0
23,4.55,0,0,0,0,110.33,0
24,6.33,0,0,0,0,70.55,0
25,3.79,0,0,0,0,25.18,0
26,8.42,0,0,0,0,29.63,0
27,30.24,0,1,0,0,56.09,0
27,66.17,1,1,0,0,63.38,0
25,54.83,0,0,0,1,166.86,1
24,48.59,0,1,0,0,117.0,0
24,8.77,0,0,0,0,111.7,0
25,34.68,0,0,0,0,96.59,0
27,24.35,0,0,0,0,43.85,0
21,45.05,0,0,1,0,119.71,0
22,26.93,0,0,0,1,144.0,0
25,23.12,0,0,0,0,79.84,0
26,10.23,0,0,0,0,35.96,0
23,65.78,0,0,0,1,28.46,1
23,7.74,0,0,0,1,56.93,0
24,2.45,0,0,0,0,53.08,0
25,7.36,0,0,0,0,53.72,0
26,4.67,0,0,0,0,96.23,0
27,15.24,0,0,0,0,113.26,0
27,74.99,0,0,0,0,6.85,0
22,24.71,0,0,1,0,41.19,0
24,24.34,0,0,0,0,112.0,0
25,40.54,0,1,0,0,59.0,1
26,70.13,0,1,0,0,26.97,0
27,23.27,0,0,0,0,55.62,0
23,38.96,0,0,0,0,117.82,0
21,29.3,0,0,1,0,38.21,0
22,18.24,0,0,0,1,50.08,0
23,3.26,0,0,0,0,88.3,0
23,13.58,0,0,0,1,91.0,0
24,16.4,0,0,0,0,98.72,0
25,7.4,0,0,0,0,119.56,0
26,3.06,0,0,0,0,92.5,0
27,6.79,0,0,0,0,80.8,0
21,8.43,0,0,1,0,133.5,0
22,1.61,0,0,0,1,142.33,0
24,12.79,0,0,0,0,148.0,1
25,21.04,0,0,0,0,135.57,0
25,30.91,0,0,0,0,31.94,0
26,13.43,0,0,0,0,60.06,0
27,8.85,0,0,0,0,31.32,0
28,20.75,0,0,0,0,64.04,0
23,69.97,0,1,1,0,43.62,0
24,42.14,0,1,0,1,63.38,0
24,26.25,0,1,0,0,160.57,0
25,79.12,0,1,0,0,49.17,0
24,72.43,1,1,0,0,172.4,0
24,14.3,0,0,0,1,43.57,0
25,15.26,0,0,0,0,104.28,0
26,8.66,0,0,0,0,106.92,0
27,13.62,0,0,0,0,137.11,0
24,45.53,0,0,0,0,173.0,0
25,40.94,0,1,0,0,54.95,0
26,36.35,0,0,0,0,28.42,0
24,48.02,0,0,0,0,156.5,0
26,21.4,0,0,0,0,48.56,0
21,66.33,0,0,1,0,84.08,0
22,57.72,0,0,1,0,148.25,1
24,65.46,0,1,0,0,60.0,0
25,65.61,1,0,0,0,104.28,0
23,22.26,0,0,0,1,74.69,0
24,38.62,0,0,0,0,71.0,1
21,38.7,0,0,1,0,150.14,0
22,15.33,0,0,0,1,137.25,0
23,32.11,0,0,0,0,109.1,0
24,44.27,0,0,0,0,73.44,0
22,48.0,0,1,1,0,172.4,0
23,80.26,0,1,0,1,118.5,0
24,35.63,0,0,0,0,111.5,0
25,42.54,0,0,0,0,113.08,0
23,55.33,0,1,0,1,65.71,0
25,65.84,0,0,0,0,10.56,0
21,10.64,0,0,1,0,5.83,0
22,26.13,0,0,0,1,13.4,0
23,62.57,0,1,0,0,20.54,0
24,66.16,1,0,0,0,64.04,0
25,59.44,0,1,0,0,27.03,0
21,82.02,0,1,1,0,103.93,0
22,49.35,0,0,0,1,142.29,0
23,20.75,0,0,0,0,161.2,0
21,50.42,0,0,1,0,91.56,1
23,37.63,0,0,0,0,81.61,1
22,82.23,0,0,1,0,11.11,0
24,65.19,0,0,0,0,135.29,0
25,70.26,0,1,0,0,133.67,0
22,12.19,0,0,0,1,131.64,0
23,1.41,0,0,0,0,111.33,1
23,17.87,0,0,1,0,108.28,0
24,10.47,0,0,0,1,173.25,0
28,59.64,0,0,0,0,105.24,1
23,22.4,0,0,0,1,130.45,0
24,62.62,0,0,0,0,152.5,0
24,48.32,0,0,0,0,131.94,0
21,72.25,1,1,1,0,129.67,0
23,47.09,0,0,0,1,122.8,0
22,69.68,0,0,1,0,143.17,0
